[
  {
    "index": 0,
    "name": "公共分类",
    "desc": "公共分类",
    "add_time": 1645781158,
    "up_time": 1645781158,
    "list": [
      {
        "query_path": {
          "path": "/api/c_play/1.0.0/play/list",
          "params": []
        },
        "edit_uid": 0,
        "status": "done",
        "type": "static",
        "req_body_is_json_schema": true,
        "res_body_is_json_schema": true,
        "api_opened": false,
        "index": 0,
        "tag": [],
        "_id": 1262,
        "method": "POST",
        "catid": 102,
        "title": "C端请你玩-列表",
        "path": "/api/c_play/1.0.0/play/list",
        "project_id": 170,
        "req_params": [],
        "res_body_type": "json",
        "uid": 98,
        "add_time": 1645781260,
        "up_time": 1646118445,
        "req_query": [],
        "req_headers": [
          {
            "required": "1",
            "_id": "621dc62da8e06c24285ebd05",
            "name": "Content-Type",
            "value": "application/json"
          }
        ],
        "req_body_form": [],
        "__v": 0,
        "desc": "",
        "markdown": "",
        "req_body_other": "{\"$schema\":\"http://json-schema.org/draft-04/schema#\",\"type\":\"object\",\"properties\":{\"query\":{\"type\":\"object\",\"properties\":{\"page\":{\"type\":\"number\",\"description\":\"页码，默认为1\"}},\"required\":[\"page\"]},\"payload\":{\"type\":\"object\",\"properties\":{\"token\":{\"type\":\"string\"}}}},\"required\":[\"query\"]}",
        "req_body_type": "json",
        "res_body": "{\"$schema\":\"http://json-schema.org/draft-04/schema#\",\"type\":\"object\",\"properties\":{\"code\":{\"type\":\"number\"},\"data\":{\"type\":\"object\",\"properties\":{\"page\":{\"type\":\"number\"},\"page_size\":{\"type\":\"number\"},\"count\":{\"type\":\"number\"},\"page_count\":{\"type\":\"number\"},\"list\":{\"type\":\"array\",\"items\":{\"type\":\"object\",\"properties\":{\"id\":{\"type\":\"number\"},\"ticket_id\":{\"type\":\"number\",\"description\":\"门票id\"},\"name\":{\"type\":\"string\",\"description\":\"请你玩名称\"},\"cover\":{\"type\":\"string\",\"description\":\"请你玩封面\"},\"apply_num\":{\"type\":\"number\",\"description\":\"报名人数\"},\"address\":{\"type\":\"string\",\"description\":\"地址\"},\"mileage\":{\"type\":\"number\",\"description\":\"行程\"},\"driving_hour\":{\"type\":\"number\",\"description\":\"驾驶小时\"},\"start_time\":{\"type\":\"string\",\"description\":\"活动开始时间\"},\"end_time\":{\"type\":\"string\",\"description\":\"活动结束时间\"},\"ticket_sell_value\":{\"type\":\"string\",\"description\":\"门票售价，0显示免费\"},\"apply_status\":{\"type\":\"number\",\"description\":\"报名状态，1未报名，2待审核，3待支付，4报名成功,5已结束\"},\"banner_images\":{\"type\":\"array\",\"items\":{\"type\":\"object\",\"properties\":{\"id\":{\"type\":\"number\"},\"image\":{\"type\":\"string\",\"description\":\"图片地址\"},\"title\":{\"type\":\"string\",\"description\":\"标题\"},\"text\":{\"type\":\"string\",\"description\":\"介绍\"}},\"required\":[\"id\",\"image\",\"title\",\"text\"]},\"description\":\"轮播图片\"},\"nickname\":{\"type\":\"string\",\"description\":\"发布人昵称\"},\"avatar\":{\"type\":\"string\",\"description\":\"发布人头像\"},\"create_time\":{\"type\":\"string\",\"description\":\"创建时间\"}}}}}},\"path\":{\"type\":\"string\"},\"message\":{\"type\":\"string\"}}}"
      },
      {
        "query_path": {
          "path": "/api/c_play/1.0.0/play/my",
          "params": []
        },
        "edit_uid": 0,
        "status": "done",
        "type": "static",
        "req_body_is_json_schema": true,
        "res_body_is_json_schema": true,
        "api_opened": false,
        "index": 0,
        "tag": [],
        "_id": 1302,
        "method": "POST",
        "catid": 102,
        "title": "C端请你玩-我的",
        "path": "/api/c_play/1.0.0/play/my",
        "project_id": 170,
        "req_params": [],
        "res_body_type": "json",
        "uid": 98,
        "add_time": 1646117951,
        "up_time": 1646118144,
        "req_query": [],
        "req_headers": [
          {
            "required": "1",
            "_id": "621dc4e6a8e06c24285ebd02",
            "name": "Content-Type",
            "value": "application/json"
          }
        ],
        "req_body_form": [],
        "__v": 0,
        "desc": "",
        "markdown": "",
        "req_body_other": "{\"$schema\":\"http://json-schema.org/draft-04/schema#\",\"type\":\"object\",\"properties\":{\"query\":{\"type\":\"object\",\"properties\":{\"page\":{\"type\":\"number\",\"description\":\"页码，默认为1\"}},\"required\":[\"page\"]},\"payload\":{\"type\":\"object\",\"properties\":{\"token\":{\"type\":\"string\",\"description\":\"登录token\"}},\"required\":[\"token\"]}},\"required\":[\"payload\",\"query\"]}",
        "req_body_type": "json",
        "res_body": "{\"$schema\":\"http://json-schema.org/draft-04/schema#\",\"type\":\"object\",\"properties\":{\"code\":{\"type\":\"number\"},\"data\":{\"type\":\"object\",\"properties\":{\"page\":{\"type\":\"number\"},\"page_size\":{\"type\":\"number\"},\"count\":{\"type\":\"number\"},\"page_count\":{\"type\":\"number\"},\"list\":{\"type\":\"array\",\"items\":{\"type\":\"object\",\"properties\":{\"id\":{\"type\":\"number\"},\"ticket_id\":{\"type\":\"number\",\"description\":\"门票id\"},\"name\":{\"type\":\"string\",\"description\":\"活动名称\"},\"cover\":{\"type\":\"string\",\"description\":\"封面\"},\"apply_num\":{\"type\":\"number\",\"description\":\"报名人数\"},\"address\":{\"type\":\"string\",\"description\":\"地址\"},\"mileage\":{\"type\":\"number\",\"description\":\"里程\"},\"driving_hour\":{\"type\":\"number\",\"description\":\"驾驶时长\"},\"start_time\":{\"type\":\"string\",\"description\":\"开始时间\"},\"end_time\":{\"type\":\"string\",\"description\":\"结束时间\"},\"ticket_sell_value\":{\"type\":\"string\",\"description\":\"门票价格，0为免费\"},\"apply_status\":{\"type\":\"number\",\"description\":\"报名状态，1未报名，2待审核，3待支付，4报名成功,5已结束\"},\"nickname\":{\"type\":\"string\",\"description\":\"发布人昵称\"},\"avatar\":{\"type\":\"string\",\"description\":\"发布人头像\"},\"create_time\":{\"type\":\"string\",\"description\":\"创建时间\"},\"banner_images\":{\"type\":\"array\",\"items\":{\"type\":\"object\",\"properties\":{\"id\":{\"type\":\"number\"},\"image\":{\"type\":\"string\",\"description\":\"图片地址\"},\"title\":{\"type\":\"string\",\"description\":\"标题\"},\"text\":{\"type\":\"string\",\"description\":\"简介\"}},\"required\":[\"id\",\"image\",\"title\",\"text\"]},\"description\":\"轮播图\"}}}}}},\"path\":{\"type\":\"string\"},\"message\":{\"type\":\"string\"}}}"
      },
      {
        "query_path": {
          "path": "/api/c_play/1.0.0/play/detail",
          "params": []
        },
        "edit_uid": 0,
        "status": "done",
        "type": "static",
        "req_body_is_json_schema": true,
        "res_body_is_json_schema": true,
        "api_opened": false,
        "index": 1,
        "tag": [],
        "_id": 1294,
        "method": "POST",
        "catid": 102,
        "title": "C端请你玩-详情",
        "path": "/api/c_play/1.0.0/play/detail",
        "project_id": 170,
        "req_params": [],
        "res_body_type": "json",
        "uid": 98,
        "add_time": 1646104973,
        "up_time": 1646357509,
        "req_query": [],
        "req_headers": [
          {
            "required": "1",
            "_id": "62216c05a8e06c24285ebd95",
            "name": "Content-Type",
            "value": "application/json"
          }
        ],
        "req_body_form": [],
        "__v": 0,
        "desc": "",
        "markdown": "",
        "req_body_other": "{\"$schema\":\"http://json-schema.org/draft-04/schema#\",\"type\":\"object\",\"properties\":{\"query\":{\"type\":\"object\",\"properties\":{\"id\":{\"type\":\"number\",\"description\":\"请你玩id\"}},\"required\":[\"id\"]},\"payload\":{\"type\":\"object\",\"properties\":{\"token\":{\"type\":\"string\",\"description\":\"登录token\"}}}},\"required\":[\"query\"]}",
        "req_body_type": "json",
        "res_body": "{\"$schema\":\"http://json-schema.org/draft-04/schema#\",\"type\":\"object\",\"properties\":{\"code\":{\"type\":\"number\"},\"data\":{\"type\":\"object\",\"properties\":{\"id\":{\"type\":\"number\",\"mock\":{\"mock\":\"1\"}},\"project_id\":{\"type\":\"number\",\"description\":\"关连项目id\",\"mock\":{\"mock\":\"1\"}},\"ticket_id\":{\"type\":\"number\",\"description\":\"关联票券id\",\"mock\":{\"mock\":\"1\"}},\"c_user_id\":{\"type\":\"number\"},\"name\":{\"type\":\"string\",\"description\":\"活动名称\",\"mock\":{\"mock\":\"摩博会\"}},\"cover\":{\"type\":\"string\",\"description\":\"封面图\"},\"start_time\":{\"type\":\"string\",\"description\":\"开始时间\",\"mock\":{\"mock\":\"2022-03-01\"}},\"end_time\":{\"type\":\"string\",\"description\":\"结束时间\",\"mock\":{\"mock\":\"2022-03-25\"}},\"apply_start_time\":{\"type\":\"string\",\"description\":\"报名开始时间\",\"mock\":{\"mock\":\"2022-03-01\"}},\"apply_end_time\":{\"type\":\"string\",\"description\":\"报名结束时间\",\"mock\":{\"mock\":\"2022-03-01\"}},\"ticket_limit\":{\"type\":\"number\",\"description\":\"报名限制，0不限制\",\"mock\":{\"mock\":\"100\"}},\"surplus_num\":{\"type\":\"number\",\"description\":\"剩余可报名数\",\"mock\":{\"mock\":\"100\"}},\"lng\":{\"type\":\"string\",\"description\":\"经度\",\"mock\":{\"mock\":\"106.492862\"}},\"lat\":{\"type\":\"string\",\"description\":\"纬度\",\"mock\":{\"mock\":\"29.525064\"}},\"address\":{\"type\":\"string\",\"description\":\"目的地详细地址\"},\"addr_image\":{\"type\":\"string\",\"description\":\"目的地图片\"},\"trip_line\":{\"type\":\"string\",\"description\":\"线路图\"},\"mileage\":{\"type\":\"string\",\"description\":\"行驶里程\"},\"driving_hour\":{\"type\":\"string\",\"description\":\"行驶时长\"},\"driving_day\":{\"type\":\"string\",\"description\":\"行驶天数\"},\"intro\":{\"type\":\"string\",\"description\":\"活动简介\"},\"remark\":{\"type\":\"string\",\"description\":\"活动须知\"},\"oper_ercode\":{\"type\":\"string\",\"description\":\"运营群二维码\"},\"is_survey\":{\"type\":\"number\",\"description\":\"是否流调，0不启用，1启用\",\"mock\":{\"mock\":\"1\"}},\"is_car_auth\":{\"type\":\"number\",\"description\":\"是否车主认证，0不启用，1启用\",\"mock\":{\"mock\":\"0\"}},\"is_real_name_auth\":{\"type\":\"number\",\"description\":\"是否实名，0不启用，1启用\",\"mock\":{\"mock\":\"0\"}},\"like_num\":{\"type\":\"number\",\"description\":\"喜欢数\",\"mock\":{\"mock\":\"0\"}},\"share_num\":{\"type\":\"number\",\"description\":\"转发数\",\"mock\":{\"mock\":\"0\"}},\"apply_num\":{\"type\":\"number\",\"description\":\"报名数\",\"mock\":{\"mock\":\"0\"}},\"status\":{\"type\":\"number\",\"description\":\"状态，2正常，3停用\",\"mock\":{\"mock\":\"2\"}},\"nickname\":{\"type\":\"string\",\"description\":\"发布人昵称\",\"mock\":{\"mock\":\"我是大王\"}},\"avatar\":{\"type\":\"string\",\"description\":\"发布人头像\"},\"ticket_sell_value\":{\"type\":\"string\",\"description\":\"票价\",\"mock\":{\"mock\":\"50.00\"}},\"project_name\":{\"type\":\"string\",\"description\":\"项目名称\",\"mock\":{\"mock\":\"测试项目\"}},\"is_like\":{\"type\":\"number\",\"description\":\"是否已经喜欢\"},\"trip\":{\"type\":\"array\",\"items\":{\"type\":\"object\",\"properties\":{\"id\":{\"type\":\"number\",\"mock\":{\"mock\":\"1\"}},\"name\":{\"type\":\"string\",\"description\":\"名称\",\"mock\":{\"mock\":\"士大夫十分\"}},\"address\":{\"type\":\"string\",\"description\":\"地址\",\"mock\":{\"mock\":\"手动阀手动阀\"}},\"lng\":{\"type\":\"string\",\"description\":\"经度\",\"mock\":{\"mock\":\"106.492862\"}},\"lat\":{\"type\":\"string\",\"description\":\"纬度\",\"mock\":{\"mock\":\"29.525064\"}}}}},\"operator\":{\"type\":\"array\",\"items\":{\"type\":\"object\",\"properties\":{\"name\":{\"type\":\"string\",\"description\":\"姓名\"},\"tel\":{\"type\":\"string\",\"description\":\"电话\"},\"image\":{\"type\":\"string\",\"description\":\"图片\"},\"intro\":{\"type\":\"string\",\"description\":\"简介\"},\"id\":{\"type\":\"number\",\"mock\":{\"mock\":\"1\"}}}}},\"coupon\":{\"type\":\"array\",\"items\":{\"type\":\"object\",\"properties\":{\"id\":{\"type\":\"number\",\"mock\":{\"mock\":\"1\"}},\"ticket_id\":{\"type\":\"number\",\"description\":\"代金券id\",\"mock\":{\"mock\":\"1\"}},\"ticket_limit\":{\"type\":\"number\",\"description\":\"可用数量\",\"mock\":{\"mock\":\"100\"}},\"ticket_name\":{\"type\":\"string\",\"description\":\"代金券名称\"},\"ticket_product_name\":{\"type\":\"string\",\"description\":\"票券产品名称\"},\"ticket_par_value\":{\"type\":\"string\",\"description\":\"票面价格\",\"mock\":{\"mock\":\"50.00\"}},\"ticket_validity_start\":{\"type\":\"string\",\"description\":\"有效期开始\",\"mock\":{\"mock\":\"2022-03-01\"}},\"ticket_validity_end\":{\"type\":\"string\",\"description\":\"有效期结束\",\"mock\":{\"mock\":\"2022-03-05\"}},\"ticket_style_icon\":{\"type\":\"string\",\"description\":\"票券样式icon\"},\"ticket_style_color\":{\"type\":\"string\",\"description\":\"票券样式颜色\"},\"ticket_style_type\":{\"type\":\"number\",\"description\":\"票券样式类型，1默认，2自定义\",\"mock\":{\"mock\":\"1\"}},\"project_name\":{\"type\":\"string\"},\"ticket_rule_content\":{\"type\":\"string\",\"mock\":{\"mock\":\"使用规则\"},\"description\":\"使用规则\"}}}}}},\"path\":{\"type\":\"string\"},\"message\":{\"type\":\"string\"}}}"
      },
      {
        "query_path": {
          "path": "/api/c_play/1.0.0/apply/list",
          "params": []
        },
        "edit_uid": 0,
        "status": "done",
        "type": "static",
        "req_body_is_json_schema": true,
        "res_body_is_json_schema": true,
        "api_opened": false,
        "index": 2,
        "tag": [],
        "_id": 1274,
        "method": "POST",
        "catid": 102,
        "title": "报名列表",
        "path": "/api/c_play/1.0.0/apply/list",
        "project_id": 170,
        "req_params": [],
        "res_body_type": "json",
        "uid": 98,
        "add_time": 1646017006,
        "up_time": 1646105000,
        "req_query": [],
        "req_headers": [
          {
            "required": "1",
            "_id": "621cb073a8e06c24285ebcf4",
            "name": "Content-Type",
            "value": "application/json"
          }
        ],
        "req_body_form": [],
        "__v": 0,
        "desc": "",
        "markdown": "",
        "req_body_other": "{\"$schema\":\"http://json-schema.org/draft-04/schema#\",\"type\":\"object\",\"properties\":{\"query\":{\"type\":\"object\",\"properties\":{\"id\":{\"type\":\"number\",\"description\":\"请你玩id\"},\"page\":{\"type\":\"number\",\"description\":\"页码，默认为1\"}},\"required\":[\"id\",\"page\"]},\"payload\":{\"type\":\"object\",\"properties\":{\"token\":{\"type\":\"string\"}}}},\"required\":[\"query\"]}",
        "req_body_type": "json",
        "res_body": "{\"$schema\":\"http://json-schema.org/draft-04/schema#\",\"type\":\"object\",\"properties\":{\"code\":{\"type\":\"number\"},\"data\":{\"type\":\"object\",\"properties\":{\"count\":{\"type\":\"number\"},\"page\":{\"type\":\"number\"},\"page_size\":{\"type\":\"number\"},\"page_count\":{\"type\":\"number\"},\"list\":{\"type\":\"array\",\"items\":{\"type\":\"object\",\"properties\":{\"id\":{\"type\":\"number\"},\"apply_user_id\":{\"type\":\"number\",\"description\":\"报名用户id\"},\"mobile\":{\"type\":\"string\",\"description\":\"报名用户手机号\"},\"nickname\":{\"type\":\"string\",\"description\":\"报名昵称\"},\"avatar\":{\"type\":\"string\",\"description\":\"报名头像\"}}}}}},\"path\":{\"type\":\"string\"},\"message\":{\"type\":\"string\"}}}"
      },
      {
        "query_path": {
          "path": "/api/c_play/1.0.0/ticket/list",
          "params": []
        },
        "edit_uid": 0,
        "status": "done",
        "type": "static",
        "req_body_is_json_schema": true,
        "res_body_is_json_schema": true,
        "api_opened": false,
        "index": 3,
        "tag": [],
        "_id": 1286,
        "method": "POST",
        "catid": 102,
        "title": "代金券列表",
        "path": "/api/c_play/1.0.0/ticket/list",
        "project_id": 170,
        "req_params": [],
        "res_body_type": "json",
        "uid": 98,
        "add_time": 1646047419,
        "up_time": 1646356757,
        "req_query": [],
        "req_headers": [
          {
            "required": "1",
            "_id": "621db2d6a8e06c24285ebd00",
            "name": "Content-Type",
            "value": "application/json"
          }
        ],
        "req_body_form": [],
        "__v": 0,
        "desc": "",
        "markdown": "",
        "req_body_other": "{\"$schema\":\"http://json-schema.org/draft-04/schema#\",\"type\":\"object\",\"properties\":{\"query\":{\"type\":\"object\",\"properties\":{\"id\":{\"type\":\"number\",\"description\":\"请你玩id\"}},\"required\":[\"id\"]},\"payload\":{\"type\":\"object\",\"properties\":{\"token\":{\"type\":\"string\"}}}},\"required\":[\"query\"]}",
        "req_body_type": "json",
        "res_body": "{\"$schema\":\"http://json-schema.org/draft-04/schema#\",\"type\":\"object\",\"properties\":{\"code\":{\"type\":\"number\"},\"data\":{\"type\":\"array\",\"items\":{\"type\":\"object\",\"properties\":{\"id\":{\"type\":\"number\"},\"ticket_id\":{\"type\":\"number\",\"description\":\"代金券id\"},\"ticket_name\":{\"type\":\"string\",\"description\":\"名称\"},\"ticket_product_name\":{\"type\":\"string\",\"description\":\"代金券产品名称\"},\"ticket_par_value\":{\"type\":\"string\",\"description\":\"票面价格\"},\"ticket_validity_start\":{\"type\":\"number\",\"description\":\"有效期开始\"},\"ticket_validity_end\":{\"type\":\"number\",\"description\":\"有效期结束\"},\"ticket_style_icon\":{\"type\":\"string\",\"description\":\"票券样式icon\"},\"ticket_style_color\":{\"type\":\"string\",\"description\":\"票券样式颜色\"},\"ticket_style_type\":{\"type\":\"number\",\"description\":\"票券样式类型，1默认，2自定义\"},\"project_name\":{\"type\":\"string\",\"description\":\"项目名称\"},\"surplus_num\":{\"type\":\"number\",\"description\":\"剩余可领取数量\"}}}},\"path\":{\"type\":\"string\"},\"message\":{\"type\":\"string\"}}}"
      },
      {
        "query_path": {
          "path": "/api/c_play/1.0.0/play/like",
          "params": []
        },
        "edit_uid": 0,
        "status": "done",
        "type": "static",
        "req_body_is_json_schema": true,
        "res_body_is_json_schema": true,
        "api_opened": false,
        "index": 4,
        "tag": [],
        "_id": 1290,
        "method": "POST",
        "catid": 102,
        "title": "喜欢",
        "path": "/api/c_play/1.0.0/play/like",
        "project_id": 170,
        "req_params": [],
        "res_body_type": "json",
        "uid": 98,
        "add_time": 1646104754,
        "up_time": 1646105004,
        "req_query": [],
        "req_headers": [
          {
            "required": "1",
            "_id": "621d90daa8e06c24285ebcfe",
            "name": "Content-Type",
            "value": "application/json"
          }
        ],
        "req_body_form": [],
        "__v": 0,
        "desc": "",
        "markdown": "",
        "req_body_other": "{\"$schema\":\"http://json-schema.org/draft-04/schema#\",\"type\":\"object\",\"properties\":{\"query\":{\"type\":\"object\",\"properties\":{\"id\":{\"type\":\"number\",\"description\":\"请你玩id\"},\"like\":{\"type\":\"number\",\"description\":\"1喜欢，0取消喜欢\"}},\"required\":[\"id\",\"like\"]},\"payload\":{\"type\":\"object\",\"properties\":{\"token\":{\"type\":\"string\"}},\"required\":[\"token\"]}},\"required\":[\"payload\",\"query\"]}",
        "req_body_type": "json",
        "res_body": "{\"type\":\"object\",\"title\":\"empty object\",\"properties\":{}}"
      },
      {
        "query_path": {
          "path": "/api/c_play/1.0.0/play/share",
          "params": []
        },
        "edit_uid": 0,
        "status": "done",
        "type": "static",
        "req_body_is_json_schema": true,
        "res_body_is_json_schema": true,
        "api_opened": false,
        "index": 5,
        "tag": [],
        "_id": 1298,
        "method": "POST",
        "catid": 102,
        "title": "转发数",
        "path": "/api/c_play/1.0.0/play/share",
        "project_id": 170,
        "req_params": [],
        "res_body_type": "json",
        "uid": 98,
        "add_time": 1646105192,
        "up_time": 1646105219,
        "req_query": [],
        "req_headers": [
          {
            "required": "1",
            "_id": "621d9283a8e06c24285ebcff",
            "name": "Content-Type",
            "value": "application/json"
          }
        ],
        "req_body_form": [],
        "__v": 0,
        "desc": "",
        "markdown": "",
        "req_body_other": "{\"$schema\":\"http://json-schema.org/draft-04/schema#\",\"type\":\"object\",\"properties\":{\"query\":{\"type\":\"object\",\"properties\":{\"id\":{\"type\":\"number\",\"description\":\"请你玩id\"}},\"required\":[\"id\"]},\"payload\":{\"type\":\"object\",\"properties\":{\"token\":{\"type\":\"string\"}}}},\"required\":[\"query\"]}",
        "req_body_type": "json",
        "res_body": "{\"type\":\"object\",\"title\":\"empty object\",\"properties\":{}}"
      }
    ]
  }
]